game_id,week,away_team,home_team,away_score,home_score,outcome,betmgm_home_fair,fanduel_home_fair,draftkings_home_fair,market_home_probability,def_epa_trend_advantage,candidate_home_probability,candidate_predicted_winner,market_predicted_winner,legacy_v2_home_probability
2025_02_WAS_GB,2,WAS,GB,18,27,HOME,0.6164383561643836,0.6105748135146994,0.6152818594710127,0.6140983430500319,0.0,0.6326377054493679,GB,GB,0.39454507167010566
2025_02_BUF_NYJ,2,BUF,NYJ,30,10,AWAY,0.2904564315352697,0.07869481765834933,0.0737913486005089,0.14764753259804264,0.0,0.1443703333732479,BUF,BUF,0.7838514877406852
2025_02_CHI_DET,2,CHI,DET,21,52,HOME,0.7183098591549295,0.7138869504535938,0.7055341817105653,0.7125769971063628,0.0,0.737688710706055,DET,DET,0.34547911718198193
2025_02_CLE_BAL,2,CLE,BAL,17,41,HOME,0.8720930232558138,0.9270998415213946,0.9313929313929314,0.9101952653900467,0.0,0.8826909231989599,BAL,BAL,0.7954362114810809
2025_02_JAX_CIN,2,JAX,CIN,27,31,HOME,0.6255648805681084,0.6287128712871286,0.599271402550091,0.6178497181351094,0.0,0.6369687936797896,CIN,CIN,0.2321569605956656
2025_02_NE_MIA,2,NE,MIA,33,27,AWAY,0.5427435387673957,0.5427774333539988,0.550561797752809,0.5453609232914012,0.0,0.5501372360820203,MIA,MIA,0.308876306472832
2025_02_NYG_DAL,2,NYG,DAL,37,40,HOME,0.6818181818181818,0.6430999320190347,0.6498905908096281,0.6582695682156149,0.0,0.6821195727766208,DAL,DAL,0.7478019765148315
2025_02_LA_TEN,2,LA,TEN,33,19,AWAY,0.3181818181818181,0.2699386503067484,0.30448717948717946,0.297535882658582,0.0,0.2625055906374655,LA,LA,0.24751024542282202
2025_02_SEA_PIT,2,SEA,PIT,31,17,AWAY,0.6465222348916762,0.48542880932556204,0.5,0.543983681405746,0.0,0.5484391749416906,PIT,PIT,0.5489548314208249
2025_02_SF_NO,2,SF,NO,26,21,AWAY,0.4088050314465409,0.4368658399098084,0.4106205619018215,0.4187638110860569,0.0,0.3943053926633863,SF,SF,0.3752525429377984
2025_02_CAR_ARI,2,CAR,ARI,22,27,HOME,0.7446808510638298,0.8487031700288185,0.8472668810289389,0.8135503007071957,0.0,0.8230069862831764,ARI,ARI,0.8374272530686698
2025_02_DEN_IND,2,DEN,IND,28,29,HOME,0.4675324675324675,0.35690006798096535,0.37699680511182115,0.4004764468750847,0.0,0.3727763782972597,DEN,DEN,0.7538296634797911
2025_02_PHI_KC,2,PHI,KC,20,17,AWAY,0.4675324675324675,0.5783762583344229,0.5407914020517831,0.5289000426395578,0.0,0.5297765192436469,KC,KC,0.3723132715444809
2025_02_ATL_MIN,2,ATL,MIN,22,6,AWAY,0.6092362344582594,0.5427774333539988,0.550561797752809,0.5675251551883557,0.0,0.5772774355254804,MIN,MIN,0.5425553871667342
2025_02_TB_HOU,2,TB,HOU,20,19,AWAY,0.5656028368794326,0.578989574979952,0.551441114716549,0.5653445088586445,0.0,0.574625090944564,HOU,HOU,0.46674814894560196
2025_02_LAC_LV,2,LAC,LV,20,9,AWAY,0.37443511943189156,0.38167938931297707,0.3690596562184025,0.3750580549877571,0.0,0.3436856632202365,LAC,LAC,0.6351174301158542
2025_03_MIA_BUF,3,MIA,BUF,21,31,HOME,0.863013698630137,0.9320905459387483,0.9433528283131833,0.912819024294023,0.0,0.8840372054000486,BUF,BUF,0.8837113205714369
2025_03_ATL_CAR,3,ATL,CAR,0,30,HOME,0.3181818181818181,0.3299225399254088,0.34285714285714286,0.3303205003214566,0.0,0.2953140048305842,ATL,ATL,0.179965361466181
2025_03_CIN_MIN,3,CIN,MIN,10,48,HOME,0.5990922844175491,0.6037854170229747,0.6287128712871286,0.6105301909092175,0.0,0.6284981783380142,MIN,MIN,0.3739308169419021
2025_03_IND_TEN,3,IND,TEN,41,20,AWAY,0.29556650246305427,0.17154811715481172,0.18129770992366412,0.21613744318051,0.0,0.19179876499687334,IND,IND,0.10668587341717747
2025_03_GB_CLE,3,GB,CLE,10,13,HOME,0.21359223300970873,0.23555555555555555,0.20945945945945946,0.21953574934157458,0.0,0.19443590367518723,GB,GB,0.11610751754726227
2025_03_HOU_JAX,3,HOU,JAX,10,17,HOME,0.5217391304347826,0.5594871427548169,0.5,0.5270754243965331,0.0,0.5275122508250262,JAX,JAX,0.8585929787044124
2025_03_NYJ_TB,3,NYJ,TB,27,29,HOME,0.7335423197492164,0.6744186046511629,0.7146785837057408,0.7075465027020401,0.0,0.7328121220132898,TB,TB,0.6982852414440633
2025_03_PIT_NE,3,PIT,NE,21,14,AWAY,0.4826358742837298,0.3962145829770252,0.4826358742837298,0.4538287771814949,0.0,0.43668653298724724,PIT,PIT,0.6857215154663123
2025_03_LV_WAS,3,LV,WAS,24,41,HOME,0.5829926410466066,0.7008055235903338,0.6067415730337079,0.6301799125568828,0.0,0.6510455827974969,WAS,WAS,0.6438337410943787
2025_03_LA_PHI,3,LA,PHI,26,33,HOME,0.6385542168674698,0.7300613496932514,0.7380410022779044,0.7022188562795418,0.0,0.7275850979222978,PHI,PHI,0.3244317546185346
2025_03_DEN_LAC,3,DEN,LAC,20,23,HOME,0.5829926410466066,0.5330897279740154,0.6152818594710127,0.5771214094972116,0.0,0.5888946709869523,LAC,LAC,0.7371981060734274
2025_03_NO_SEA,3,NO,SEA,13,44,HOME,0.7663551401869159,0.7229381443298969,0.7307110438729199,0.7400014427965775,0.0,0.7632477531444551,SEA,SEA,0.6581012154895044
2025_03_ARI_SF,3,ARI,SF,15,16,HOME,0.5324675324675325,0.5041554124246831,0.5203045685279188,0.5189758378067114,0.0,0.5174486457415057,SF,SF,0.6563766068814086
2025_03_DAL_CHI,3,DAL,CHI,14,31,HOME,0.4675324675324675,0.4368658399098084,0.42847503373819157,0.44429111372682245,0.0,0.4250393537220255,DAL,DAL,0.4118922871855089
2025_03_KC_NYG,3,KC,NYG,22,9,AWAY,0.28169014084507044,0.32558139534883723,0.3135593220338983,0.3069436194092687,0.0,0.2716763647273572,KC,KC,0.49504079871441853
2025_03_DET_BAL,3,DET,BAL,38,30,AWAY,0.6818181818181818,0.6626384692849949,0.5795601552393274,0.6413389354475013,0.0,0.6635628479024531,BAL,BAL,0.5963753336377013
2025_04_SEA_ARI,4,SEA,ARI,23,20,AWAY,0.4675324675324675,0.4896023956080519,0.4796954314720812,0.47894343153753355,0.0,0.46765888321981963,SEA,SEA,0.38122553401265896
2025_04_MIN_PIT,4,MIN,PIT,21,24,HOME,0.4255319148936171,0.35690006798096535,0.42847503373819157,0.403635672204258,0.0,0.376462391993306,MIN,MIN,0.25408708533952257
2025_04_CAR_NE,4,CAR,NE,13,42,HOME,0.6818181818181818,0.6853932584269663,0.6957699520733487,0.6876604641061655,0.0,0.7129799834367485,NE,NE,0.3058512556684848
2025_04_CLE_DET,4,CLE,DET,10,34,HOME,0.8258258258258258,0.7857142857142858,0.7857142857142858,0.7990847990847992,0.0,0.8122678202061591,DET,DET,0.8303670722333589
2025_04_NO_BUF,4,NO,BUF,19,31,HOME,0.8986486486486486,0.8792270531400966,0.8734177215189873,0.8837644744359109,0.0,0.8683597301157094,BUF,BUF,0.8010918021860919
2025_04_TEN_HOU,4,TEN,HOU,0,26,HOME,0.7663551401869159,0.7138869504535938,0.7146785837057408,0.7316402247820836,0.0,0.7556410408652154,HOU,HOU,0.7631491761964051
2025_04_PHI_TB,4,PHI,TB,31,25,AWAY,0.3698979591836735,0.38203893657106974,0.37699680511182115,0.3763112336221881,0.0,0.34509479986721553,PHI,PHI,0.6354179848519788
2025_04_LAC_NYG,4,LAC,NYG,18,21,HOME,0.298804780876494,0.42162374166557726,0.4007285974499089,0.3737190399973267,0.0,0.342183043742604,LAC,LAC,0.1936192850670843
2025_04_WAS_ATL,4,WAS,ATL,27,34,HOME,0.5656028368794326,0.6134299307958478,0.6067415730337079,0.5952581135696627,0.0,0.610573084986735,ATL,ATL,0.3451550637052946
2025_04_IND_LA,4,IND,LA,20,27,HOME,0.6255648805681084,0.6162456028141988,0.6224665518611737,0.6214256784144937,0.0,0.6410767860125146,LA,LA,0.4454718509000532
2025_04_JAX_SF,4,JAX,SF,26,21,AWAY,0.6092362344582594,0.6531483457844184,0.6693026599568656,0.6438957467331811,0.0,0.6663995883757851,SF,SF,0.5117512787071206
2025_04_CHI_LV,4,CHI,LV,25,24,AWAY,0.5324675324675325,0.5427435387673957,0.5324675324675325,0.5358928679008202,0.0,0.5384421477966627,LV,LV,0.5521701310689185
2025_04_BAL_KC,4,BAL,KC,20,37,HOME,0.4255319148936171,0.35690006798096535,0.34285714285714286,0.37509637524390843,0.0,0.3437287118177789,BAL,BAL,0.4784774164782802
2025_04_GB_DAL,4,GB,DAL,40,40,TIE,0.2553191489361702,0.18848167539267016,0.18129770992366412,0.20836617808416816,0.0,0.18587090182720598,GB,GB,0.09870104139728832
2025_04_NYJ_MIA,4,NYJ,MIA,21,27,HOME,0.5911949685534592,0.5749767565413734,0.5795601552393274,0.5819106267780533,0.0,0.5946564850192724,MIA,MIA,0.3690803473656503
2025_04_CIN_DEN,4,CIN,DEN,3,28,HOME,0.7999999999999999,0.7184986595174263,0.7307110438729199,0.749736567796782,0.0,0.7718965109091098,DEN,DEN,0.9042836753010691
2025_05_SF_LA,5,SF,LA,26,23,AWAY,0.7864077669902912,0.7050037341299478,0.7055341817105653,0.7323152276102681,0.04898474380671393,0.7655712125287258,LA,LA,0.7131288648501469
2025_05_MIN_CLE,5,MIN,CLE,21,17,AWAY,0.3614457831325302,0.5749767565413734,0.550561797752809,0.49566144580890414,-0.05398593018284677,0.4743493623338153,MIN,MIN,0.33091024158784993
2025_05_DAL_NYJ,5,DAL,NYJ,37,22,AWAY,0.5324675324675325,0.5371848068943506,0.550561797752809,0.5400713790382307,0.04577447906602461,0.5554481999301795,NYJ,NYJ,0.6716293446210583
2025_05_DEN_PHI,5,DEN,PHI,21,17,AWAY,0.6636481241914618,0.6430999320190347,0.6152818594710127,0.640676638560503,0.12567267663938586,0.683176638560503,PHI,PHI,0.4577631796279959
2025_05_HOU_BAL,5,HOU,BAL,44,10,AWAY,0.4402054292002935,0.32315978456014366,0.28532141629425917,0.3495622100182321,0.007683968652380566,0.3173758598669072,HOU,HOU,0.7281476944765257
2025_05_MIA_CAR,5,MIA,CAR,24,27,HOME,0.4826358742837298,0.4669102720259846,0.4204398447606727,0.4566619970234624,0.0219790508365977,0.44582688258546943,MIA,MIA,0.7408903633400571
2025_05_NYG_NO,5,NYG,NO,14,26,HOME,0.5597945707997065,0.3468516542155817,0.3621495327102804,0.4229319192418562,-0.05769339449786814,0.3849069562103954,NYG,NYG,0.5720057668961562
2025_05_LV_IND,5,LV,IND,6,40,HOME,0.7548387096774194,0.7229381443298969,0.6805678793256432,0.7194482444443198,-0.044481236379470185,0.7353103808053553,IND,IND,0.744268036131656
2025_05_TEN_ARI,5,TEN,ARI,22,21,AWAY,0.7727272727272727,0.7752808988764045,0.7581792318634424,0.7687291344890399,0.10200348569963061,0.8053718540573047,ARI,ARI,0.7594754959277076
2025_05_TB_SEA,5,TB,SEA,38,35,AWAY,0.6255648805681084,0.5631341600901917,0.550561797752809,0.5797536128037031,0.018743074087271744,0.5967857178488789,SEA,SEA,0.7490734593536895
2025_05_DET_CIN,5,DET,CIN,37,24,AWAY,0.18181818181818185,0.081447963800905,0.08695652173913045,0.11674088911940576,-0.1375844704520619,0.11133978877086095,DET,DET,0.07008653319190083
2025_05_WAS_LAC,5,WAS,LAC,27,10,AWAY,0.5990922844175491,0.6481970096745823,0.6571428571428573,0.6348107170783296,0.2021512613273475,0.6773107170783296,LAC,LAC,0.6068382857503728
2025_05_NE_BUF,5,NE,BUF,23,20,AWAY,0.7864077669902912,0.7229381443298969,0.7229381443298969,0.744094685216695,0.10349428200495407,0.7856813095820808,BUF,BUF,0.7962057435415564
2025_05_KC_JAX,5,KC,JAX,28,31,HOME,0.3614457831325302,0.3752492914873517,0.35527082119976705,0.363988631939883,-0.1468463269713442,0.32148863193988303,KC,KC,0.7058556585139832
2025_06_PHI_NYG,6,PHI,NYG,17,34,HOME,0.2336448598130841,0.2235597592433362,0.24000000000000005,0.23240153968547347,0.06491863050020735,0.21593108348818327,PHI,PHI,0.2124961416294768
2025_06_DEN_NYJ,6,DEN,NYJ,13,11,AWAY,0.24050632911392406,0.23456199138343706,0.23409789548356585,0.236388738660309,0.019114849724449295,0.21122824581476843,DEN,DEN,0.2599195585783645
2025_06_CLE_PIT,6,CLE,PIT,9,23,HOME,0.711362805991962,0.7644444444444445,0.7307110438729199,0.7355060981031087,0.0739146116995247,0.7730140069295637,PIT,PIT,0.7376404294171042
2025_06_ARI_IND,6,ARI,IND,27,31,HOME,0.7969094922737308,0.7811725846407928,0.7867435158501441,0.7882751975882226,0.03411742607334519,0.8094787639041701,IND,IND,0.8718171636580151
2025_06_DAL_CAR,6,DAL,CAR,27,30,HOME,0.4088050314465409,0.42847503373819157,0.4204398447606727,0.4192399699818017,0.04703338953480972,0.40667280039691334,DAL,DAL,0.5819751971879346
2025_06_LA_BAL,6,LA,BAL,17,3,AWAY,0.2553191489361702,0.28611304954640615,0.29446581828943474,0.27863267225733707,-0.08303359679980714,0.23613267225733706,LA,LA,0.23521529914878841
2025_06_LAC_MIA,6,LAC,MIA,29,27,AWAY,0.37443511943189156,0.38167938931297707,0.3775334481388264,0.377882652294565,0.08610794116192741,0.36751845809500755,LAC,LAC,0.20218519502659396
2025_06_SEA_JAX,6,SEA,JAX,20,12,AWAY,0.4891657638136511,0.4456393635827931,0.4693877551020409,0.4680642941661617,-0.002013284301260458,0.45367601925130974,SEA,SEA,0.47043748843220506
2025_06_SF_TB,6,SF,TB,19,30,HOME,0.6301020408163266,0.6386477179027017,0.6309403437815976,0.6332300341668753,0.06595021534946491,0.669900495940278,TB,TB,0.5553644222152132
2025_06_TEN_LV,6,TEN,LV,10,20,HOME,0.6385542168674698,0.6274448928904066,0.6224665518611737,0.6294885538730167,-0.051983143517928446,0.6378123981155173,LV,LV,0.7405965174781277
2025_06_CIN_GB,6,CIN,GB,18,27,HOME,0.8800000000000001,0.8480243161094225,0.8422876949740034,0.8567706703611421,-0.03988843597704497,0.8468911137464298,GB,GB,0.9403165468273434
2025_06_NE_NO,6,NE,NO,25,19,AWAY,0.3812709030100334,0.38167938931297707,0.3690596562184025,0.37733664951380436,-0.04979676072386219,0.3348366495138044,NE,NE,0.5913022144176919
2025_06_DET_KC,6,DET,KC,17,30,HOME,0.574468085106383,0.5823742190069057,0.5634920634920635,0.5734447892017841,0.03899045541491762,0.5943134274787331,KC,KC,0.45512379251094165
2025_06_BUF_ATL,6,BUF,ATL,14,24,HOME,0.35347776510832385,0.3588516746411483,0.35527082119976705,0.3558667536497464,-0.1298016053332383,0.3133667536497464,BUF,BUF,0.5345063490673592
2025_06_CHI_WAS,6,CHI,WAS,25,24,AWAY,0.6818181818181818,0.7001620745542949,0.690792883054068,0.6909243798088482,-0.155908337948613,0.6820608814349308,WAS,WAS,0.7981177069919427
2025_07_PIT_CIN,7,PIT,CIN,31,33,HOME,0.3181818181818181,0.3099083369707551,0.3194444444444444,0.31584486653233923,-0.15069014307093836,0.27334486653233925,PIT,PIT,0.1250527362367736
2025_07_LA_JAX,7,LA,JAX,35,7,AWAY,0.40090771558245086,0.4106205619018215,0.39325842696629215,0.40159556815018815,-0.11699173851678527,0.35909556815018817,LA,LA,0.30462452257120287
2025_07_CAR_NYJ,7,CAR,NYJ,13,6,AWAY,0.5108342361863488,0.5089094796863863,0.48987854251012153,0.5032074194609523,0.11806019998014243,0.5286301443162402,NYJ,NYJ,0.4291557321978385
2025_07_MIA_CLE,7,MIA,CLE,6,31,HOME,0.5656028368794326,0.5707105961189446,0.5720596355604638,0.5694576895196136,-0.09424989004540958,0.5554599632167149,CLE,CLE,0.6122551737844525
2025_07_NO_CHI,7,NO,CHI,14,26,HOME,0.6385542168674698,0.6464178066311151,0.6378504672897196,0.6409408302627683,0.08817420785288613,0.6833816471126744,CHI,CHI,0.7225775011341005
2025_07_NE_TEN,7,NE,TEN,31,13,AWAY,0.28169014084507044,0.30448717948717946,0.28532141629425917,0.290499578875503,0.07237852487459384,0.27043728832847175,NE,NE,0.3104554402330077
2025_07_PHI_MIN,7,PHI,MIN,28,22,AWAY,0.43439716312056736,0.4368658399098084,0.42847503373819157,0.43324601225618914,-0.18157841662364355,0.39074601225618916,PHI,PHI,0.5904501345782661
2025_07_LV_KC,7,LV,KC,0,31,HOME,0.8720930232558138,0.8606016140865737,0.863013698630137,0.8652361119908415,-0.05952562630068767,0.8496763245631148,KC,KC,0.7793737092573626
2025_07_IND_LAC,7,IND,LAC,38,24,AWAY,0.574468085106383,0.5583104446588969,0.5634920634920635,0.5654235310857811,-0.03790743716523247,0.5650132776394814,LAC,LAC,0.34139326320033225
2025_07_NYG_DEN,7,NYG,DEN,32,33,HOME,0.782608695652174,0.7811725846407928,0.7768331562167907,0.7802048121699192,-0.05182269845046411,0.7886225478651292,DEN,DEN,0.8425433364700201
2025_07_GB_ARI,7,GB,ARI,27,23,AWAY,0.2553191489361702,0.2630773936983787,0.24000000000000005,0.25279884754484966,0.16392979164960475,0.25265424825610683,GB,GB,0.20200552604884603
2025_07_WAS_DAL,7,WAS,DAL,22,44,HOME,0.5324675324675325,0.5327882529617888,0.5324675324675325,0.5325744392989513,0.08312191030764762,0.5558643674836676,DAL,DAL,0.3184470944759734
2025_07_ATL_SF,7,ATL,SF,10,20,HOME,0.4891657638136511,0.4958445875753168,0.5306122448979592,0.5052075320956424,-0.0608283116454619,0.48442987158580353,ATL,SF,0.32435628648509024
2025_07_TB_DET,7,TB,DET,9,24,HOME,0.7183098591549295,0.7008055235903338,0.7055341817105653,0.7082165214852761,0.12655117158258608,0.7507165214852761,DET,DET,0.6022712423606449
2025_07_HOU_SEA,7,HOU,SEA,19,27,HOME,0.6092362344582594,0.5965276928719893,0.5996387718242023,0.6018008997181503,-0.2687856792648181,0.5593008997181503,SEA,SEA,0.6677679345903181
2025_08_MIN_LAC,8,MIN,LAC,10,37,HOME,0.6224665518611737,0.609708848498661,0.6164383561643836,0.6162045855080728,0.00396114723099994,0.6360307526425641,LAC,LAC,0.5126290579263408
2025_08_BUF_CAR,8,BUF,CAR,40,9,AWAY,0.2336448598130841,0.23555555555555555,0.23595505617977527,0.23505182384947165,0.0783509074133992,0.22057746716527157,BUF,BUF,0.5566122161462405
2025_08_CHI_BAL,8,CHI,BAL,16,30,HOME,0.574468085106383,0.46281519310564956,0.449438202247191,0.4955738268197412,-0.14006286451740044,0.45307382681974123,CHI,CHI,0.3013999163742593
2025_08_CLE_NE,8,CLE,NE,13,32,HOME,0.75,0.7434402332361516,0.7571884984025559,0.7502095772129026,0.03693264615705247,0.7790252395602106,NE,NE,0.7898286169576186
2025_08_MIA_ATL,8,MIA,ATL,34,10,AWAY,0.747191011235955,0.7434402332361516,0.7477827050997783,0.7461379831906282,-0.12163879091310792,0.7453640728374998,ATL,ATL,0.9115460230390595
2025_08_NYG_PHI,8,NYG,PHI,20,38,HOME,0.7663551401869159,0.7685185185185185,0.7600000000000001,0.7649578862351448,-0.12155758769259514,0.762756027882875,PHI,PHI,0.7575231842351268
2025_08_NYJ_CIN,8,NYJ,CIN,39,38,AWAY,0.7011952191235059,0.6979865771812079,0.6957699520733487,0.6983172494593543,-0.1300859025041849,0.6957322355886958,CIN,CIN,0.4469507417211358
2025_08_SF_HOU,8,SF,HOU,15,26,HOME,0.5829926410466066,0.5965276928719893,0.5829926410466066,0.5875043249884008,0.21496724315180238,0.6300043249884008,HOU,HOU,0.6696892497752356
2025_08_TB_NO,8,TB,NO,23,3,AWAY,0.35347776510832385,0.3484712230215828,0.3560327776207968,0.35266058858356786,0.14538150906003872,0.3528449727715487,TB,TB,0.2577611937145765
2025_08_DAL_DEN,8,DAL,DEN,24,44,HOME,0.6581196581196581,0.6531483457844184,0.599271402550091,0.6368464688180558,-0.17914484839072875,0.6153041266772861,DEN,DEN,0.791787149631643
2025_08_TEN_IND,8,TEN,IND,14,38,HOME,0.9039548022598869,0.9039548022598869,0.8944099378881987,0.9007731808026574,-0.1185538008426107,0.8638181516611232,IND,IND,0.9459199220436336
2025_08_GB_PIT,8,GB,PIT,35,25,AWAY,0.4255319148936171,0.4257656915258893,0.4170073589533933,0.4227683217909666,-0.002587727654641641,0.39843007459882496,GB,GB,0.3623083549750042
2025_08_WAS_KC,8,WAS,KC,7,28,HOME,0.8328690807799444,0.7008055235903338,0.7307110438729199,0.754795216081066,0.09142223553460377,0.7924511978819868,KC,KC,0.7370276880707817
2025_09_BAL_MIA,9,BAL,MIA,28,6,AWAY,0.21359223300970873,0.20451339915373767,0.22168674698795182,0.2132641263837994,0.07236130391866769,0.20148015579180642,BAL,BAL,0.28781038748881943
2025_09_ATL_NE,9,ATL,NE,23,24,HOME,0.6818181818181818,0.7300613496932514,0.7146785837057408,0.7088527050723913,0.21299975584980285,0.7513527050723913,NE,NE,0.697252742634804
2025_09_CAR_GB,9,CAR,GB,16,13,AWAY,0.863013698630137,0.8606016140865737,0.8677165354330709,0.8637772827165939,0.02186747967522017,0.859342677225983,GB,GB,0.8791712431973132
2025_09_CHI_CIN,9,CHI,CIN,47,42,AWAY,0.4170073589533933,0.5187593796898449,0.550561797752809,0.49544284546534906,-0.14111218767259032,0.4529428454653491,CHI,CHI,0.20279400697524
2025_09_IND_PIT,9,IND,PIT,20,27,HOME,0.39076376554174075,0.4034723071280108,0.39076376554174075,0.39499994607049743,-0.0006663144239144325,0.3662601857133327,IND,IND,0.28346460589094735
2025_09_DEN_HOU,9,DEN,HOU,18,15,AWAY,0.552594002855783,0.5506567324679315,0.5324675324675325,0.5452394225970824,0.0156485388489756,0.5540307338030864,HOU,HOU,0.5066051413271422
2025_09_MIN_DET,9,MIN,DET,27,24,AWAY,0.8076923076923076,0.7905405405405406,0.795134443021767,0.7977890970848717,0.2735977840504368,0.8402890970848717,DET,DET,0.8551539342967627
2025_09_LAC_TEN,9,LAC,TEN,27,20,AWAY,0.18181818181818185,0.18077023840712603,0.16835016835016833,0.17697952952515875,0.020661235107456564,0.1663402319611786,LAC,LAC,0.17465165708378214
2025_09_SF_NYG,9,SF,NYG,34,24,AWAY,0.43439716312056736,0.43650793650793646,0.42794036443953615,0.43294848802268,0.06339115953512289,0.4274224619659645,SF,SF,0.32184380651091926
2025_09_JAX_LV,9,JAX,LV,30,29,AWAY,0.4572564612326044,0.46281519310564956,0.42847503373819157,0.4495155626921485,0.1913945827888528,0.4809774475754104,JAX,JAX,0.2649240620199735
2025_09_NO_LA,9,NO,LA,10,34,HOME,0.8839285714285713,0.9365242912451603,0.9397944199706314,0.9200824275481211,0.15043174570992743,0.9024350044055046,LA,LA,0.9252950746525153
2025_09_KC_BUF,9,KC,BUF,21,28,HOME,0.44362292051756,0.42847503373819157,0.42847503373819157,0.4335243293313144,-0.04231614296106476,0.40132355472290276,KC,KC,0.4284319623238042
2025_09_SEA_WAS,9,SEA,WAS,38,14,AWAY,0.4255319148936171,0.43650793650793646,0.42794036443953615,0.4299934052803633,-0.23307605554747518,0.3874934052803633,SEA,SEA,0.3117010303673638
2025_09_ARI_DAL,9,ARI,DAL,27,17,AWAY,0.6224665518611737,0.6126207051426006,0.6092362344582594,0.6147744971540112,0.1758800114548421,0.6572744971540112,DAL,DAL,0.542475036797724
2025_10_LV_DEN,10,LV,DEN,7,10,HOME,0.7864077669902912,0.7870722433460077,0.7913616398243045,0.7882805500535345,0.02314292572539428,0.8077082361073169,DEN,DEN,0.8482716221628399
2025_10_ATL_IND,10,ATL,IND,25,31,HOME,0.7183098591549295,0.7001620745542949,0.725752508361204,0.7147414806901429,0.07552446057529844,0.7546705888190598,IND,IND,0.7701156844145923
2025_10_BUF_MIA,10,BUF,MIA,13,30,HOME,0.21359223300970873,0.20451339915373767,0.22168674698795182,0.2132641263837994,0.05307192068083447,0.19825715025328547,BUF,BUF,0.11267824725665017
2025_10_CLE_NYJ,10,CLE,NYJ,20,27,HOME,0.4572564612326044,0.4572564612326044,0.4572564612326044,0.4572564612326044,-0.1565384390289299,0.4147564612326044,CLE,CLE,0.6252356002694374
2025_10_JAX_HOU,10,JAX,HOU,29,36,HOME,0.5,0.5289256198347108,0.4956702459300312,0.5081986219215806,0.12084680154406915,0.5355435831156555,HOU,HOU,0.6041166907765497
2025_10_NO_CAR,10,NO,CAR,17,7,AWAY,0.6818181818181818,0.6955128205128205,0.7380410022779044,0.7051240015363023,0.052573305931491024,0.7411209395162782,CAR,CAR,0.7312163622246994
2025_10_NE_TB,10,NE,TB,28,23,AWAY,0.574468085106383,0.5795601552393274,0.550561797752809,0.5681966793661731,0.08066355764899552,0.5985028029279954,TB,TB,0.6100220101308361
2025_10_NYG_CHI,10,NYG,CHI,20,24,HOME,0.6581196581196581,0.6579601990049752,0.6634806849860613,0.6598535140368982,0.1255428256100856,0.7023535140368982,CHI,CHI,0.8358641135564544
2025_10_BAL_MIN,10,BAL,MIN,27,19,AWAY,0.33635187580853815,0.32654254800662835,0.34285714285714286,0.3352505222241031,-0.3723609626495168,0.29275052222410314,BAL,BAL,0.4592225624239449
2025_10_ARI_SEA,10,ARI,SEA,22,44,HOME,0.7335423197492164,0.9027072758037225,0.9313929313929314,0.85588084231529,0.13367271152884186,0.8684511034149339,SEA,SEA,0.8414260673171723
2025_10_DET_WAS,10,DET,WAS,44,22,AWAY,0.21739130434782608,0.2235597592433362,0.19999999999999998,0.21365035453038742,-0.29976729907669375,0.1711503545303874,DET,DET,0.23926922953309934
2025_10_LA_SF,10,LA,SF,42,26,AWAY,0.29556650246305427,0.3053435114503817,0.30920711694593195,0.30337237695312264,-0.1672906889601206,0.26087237695312265,LA,LA,0.1916744659689559
2025_10_PIT_LAC,10,PIT,LAC,10,25,HOME,0.6233894945490586,0.6335443984643765,0.6164383561643836,0.6244574163926062,0.14780590701331436,0.6669574163926062,LAC,LAC,0.5736538712164387
2025_10_PHI_GB,10,PHI,GB,10,7,AWAY,0.5,0.48542880932556204,0.4693877551020409,0.484938854809201,0.02830858046001076,0.48247979480778264,PHI,PHI,0.6931468834515888
2025_11_NYJ_NE,11,NYJ,NE,14,27,HOME,0.8571428571428571,0.849948258020007,0.8677165354330709,0.8582692168653118,0.03682270514884074,0.8579096513175852,NE,NE,0.7942334441716743
2025_11_WAS_MIA,11,WAS,MIA,13,16,HOME,0.574468085106383,0.5545152521896708,0.5829926410466066,0.5706586594475535,0.41215120325983834,0.6131586594475534,MIA,MIA,0.42014888404262507
2025_11_CAR_ATL,11,CAR,ATL,30,27,AWAY,0.6465222348916762,0.6626384692849949,0.6287128712871286,0.6459578584879332,-0.008633357086157575,0.6666772654440497,ATL,ATL,0.671277436138497
2025_11_CHI_MIN,11,CHI,MIN,19,17,AWAY,0.574468085106383,0.5795601552393274,0.550561797752809,0.5681966793661731,0.05134290762956789,0.5911195942392299,MIN,MIN,0.38277720109480357
2025_11_CIN_PIT,11,CIN,PIT,12,34,HOME,0.6818181818181818,0.685344827586207,0.6693026599568656,0.6788218897870847,0.18477368248882894,0.7213218897870847,PIT,PIT,0.8037134090988204
2025_11_GB_NYG,11,GB,NYG,27,20,AWAY,0.24050632911392406,0.24509803921568626,0.2619589977220957,0.249187788683902,-0.18943838892090856,0.206687788683902,GB,GB,0.16995518367397755
2025_11_HOU_TEN,11,HOU,TEN,16,13,AWAY,0.29556650246305427,0.30448717948717946,0.24799599198396793,0.2826832246447339,-0.06870010204229966,0.24018322464473388,HOU,HOU,0.11790790412314366
2025_11_LAC_JAX,11,LAC,JAX,6,35,HOME,0.4170073589533933,0.449438202247191,0.4412029533585449,0.4358828381863764,-0.3719449921198742,0.3933828381863764,LAC,LAC,0.5189521580546349
2025_11_TB_BUF,11,TB,BUF,32,44,HOME,0.7335423197492164,0.7138869504535938,0.7055341817105653,0.7176544839711251,-0.08769269428073573,0.7246514582002045,BUF,BUF,0.5110235285795435
2025_11_SEA_LA,11,SEA,LA,19,21,HOME,0.6116504854368933,0.6183206106870229,0.6092362344582594,0.6130691101940585,-0.06966050640389275,0.6143513890364445,LA,LA,0.6615671161746021
2025_11_SF_ARI,11,SF,ARI,41,22,AWAY,0.37443511943189156,0.36135228209729836,0.3775334481388264,0.37110694988933873,0.2256291334436616,0.39392429721950006,SF,SF,0.4872310917377319
2025_11_KC_DEN,11,KC,DEN,19,22,HOME,0.3418803418803419,0.3386960203217612,0.34252477380439467,0.34103371200216587,0.1055044305783357,0.33045551016538066,KC,KC,0.5302374383139523
2025_11_BAL_CLE,11,BAL,CLE,23,16,AWAY,0.21359223300970873,0.21359223300970873,0.21809369951534735,0.2150927218449216,-0.15924671275861318,0.17259272184492158,BAL,BAL,0.2635397120553755
2025_11_DET_PHI,11,DET,PHI,9,16,HOME,0.574468085106383,0.5369611539091952,0.550561797752809,0.5539970122561291,0.14538813917898744,0.5964970122561291,PHI,PHI,0.3974313873936517
2025_11_DAL_LV,11,DAL,LV,33,16,AWAY,0.35347776510832385,0.4456393635827931,0.4412029533585449,0.4134400273498873,0.144858133734692,0.42447932250195086,DAL,DAL,0.5901491856589224
2025_12_BUF_HOU,12,BUF,HOU,19,23,HOME,0.3181818181818181,0.32558139534883723,0.31943212067435667,0.32106511140167066,0.11110479792857067,0.3100851537828088,BUF,BUF,0.5628286916060412
2025_12_IND_KC,12,IND,KC,20,23,HOME,0.662090813093981,0.6659815005138747,0.6636481241914618,0.6639068125997726,-0.22039786980595008,0.6367594050902359,KC,KC,0.45812160971473775
2025_12_MIN_GB,12,MIN,GB,6,23,HOME,0.7095435684647302,0.717453505007153,0.7135512302607419,0.7135161012442084,-0.045036969653320824,0.7294060207903887,GB,GB,0.7916531620966709
2025_12_NE_CIN,12,NE,CIN,26,20,AWAY,0.2336448598130841,0.24050632911392406,0.22849462365591394,0.23421527086097405,-0.06235121658749208,0.19568576481801017,NE,NE,0.17714038789991018
2025_12_NYG_DET,12,NYG,DET,27,34,HOME,0.8800000000000001,0.8869565217391304,0.8800000000000001,0.8823188405797101,0.06366660049801459,0.8749938769573261,DET,DET,0.906746494193154
2025_12_NYJ_BAL,12,NYJ,BAL,10,23,HOME,0.8936170212765957,0.8869565217391304,0.8761776581426649,0.8855837337194638,0.21176057419764804,0.8925298169938248,BAL,BAL,0.8068385530534696
2025_12_PIT_CHI,12,PIT,CHI,28,31,HOME,0.574468085106383,0.5594871427548169,0.5829926410466066,0.5723159563026022,-0.19269694641027768,0.5334825481160995,CHI,CHI,0.6413800906182399
2025_12_SEA_TEN,12,SEA,TEN,30,24,AWAY,0.136986301369863,0.14343623323978796,0.13228346456692913,0.13756866639219337,0.03210560651225622,0.1423257922261501,SEA,SEA,0.11061589392639531
2025_12_CLE_LV,12,CLE,LV,24,10,AWAY,0.5990922844175491,0.6287128712871286,0.6287128712871286,0.6188393423306021,-0.08448831065245924,0.6174844776481833,LV,LV,0.591817336264244
2025_12_JAX_ARI,12,JAX,ARI,27,24,AWAY,0.447405997144217,0.46281519310564956,0.4693877551020409,0.4598696484506359,-0.07108328302633288,0.42584944452732554,JAX,JAX,0.31560155195385675
2025_12_ATL_NO,12,ATL,NO,24,10,AWAY,0.5324675324675325,0.4456393635827931,0.449438202247191,0.4758483660991722,0.16932704884640465,0.5079888654651321,NO,ATL,0.4017386700471162
2025_12_PHI_DAL,12,PHI,DAL,21,24,HOME,0.4088050314465409,0.4204398447606727,0.4066302458405761,0.4119583740159299,-0.05816133114999167,0.3719381738666987,PHI,PHI,0.2878084785166063
2025_12_TB_LA,12,TB,LA,7,34,HOME,0.759493670886076,0.759493670886076,0.7508125677139762,0.7565999698287094,0.2446627701267825,0.7990999698287093,LA,LA,0.7924353534956948
2025_12_CAR_SF,12,CAR,SF,9,20,HOME,0.747191011235955,0.7764402407566638,0.7659021045164341,0.7631777855030176,-0.11926611617665897,0.7615830471352136,SF,SF,0.696817822809913
2025_13_GB_DET,13,GB,DET,31,24,AWAY,0.5911949685534592,0.5936183022275737,0.593369754159424,0.5927276749801523,-0.14769305413396422,0.5702340371292086,DET,DET,0.5498278157539642
2025_13_KC_DAL,13,KC,DAL,28,31,HOME,0.37443511943189156,0.3779812606473595,0.3775334481388264,0.3766499427393592,0.2506427105424976,0.40682502835179163,KC,KC,0.288079012269538
2025_13_CIN_BAL,13,CIN,BAL,32,14,AWAY,0.782608695652174,0.7905405405405406,0.7600000000000001,0.7777164120642382,0.15291667890770438,0.8202164120642382,BAL,BAL,0.8706178877182057
2025_13_CHI_PHI,13,CHI,PHI,24,15,AWAY,0.747191011235955,0.7549019607843138,0.7229381443298969,0.7416770387833885,0.09559633071708862,0.7822445632362075,PHI,PHI,0.5402067454319815
2025_13_ATL_NYJ,13,ATL,NYJ,24,27,HOME,0.4088050314465409,0.40327363302099395,0.4106205619018215,0.40756640878978545,0.09565154154446913,0.4049032447188219,ATL,ATL,0.3159866053834509
2025_13_ARI_TB,13,ARI,TB,17,20,HOME,0.6465222348916762,0.6579601990049752,0.6439672223792031,0.6494832187586181,-0.16103235370260738,0.6344884465371202,TB,TB,0.7207662729952967
2025_13_HOU_IND,13,HOU,IND,20,16,AWAY,0.5990922844175491,0.6037854170229747,0.5893794380981784,0.5974190465129007,-0.0381148466758673,0.6036412159704183,IND,IND,0.6182803029644701
2025_13_JAX_TEN,13,JAX,TEN,25,3,AWAY,0.2904564315352697,0.28644876973925815,0.299837925445705,0.2922477089067443,-0.11881638891922006,0.24974770890674428,JAX,JAX,0.19019929492389712
2025_13_NO_MIA,13,NO,MIA,17,21,HOME,0.6818181818181818,0.7085889570552146,0.6853932584269663,0.6919334657667875,-0.1624193372229655,0.6816753107374737,MIA,MIA,0.5339668915703439
2025_13_LA_CAR,13,LA,CAR,28,31,HOME,0.18181818181818185,0.18848167539267016,0.22168674698795182,0.19732886806626793,-0.03949094960074019,0.17174709853715228,LA,LA,0.09578617438459919
2025_13_SF_CLE,13,SF,CLE,26,8,AWAY,0.3181818181818181,0.3146551724137931,0.3306973400431344,0.3211781102129152,0.17486452205480332,0.32463745922579673,SF,SF,0.3786279826457363
2025_13_MIN_SEA,13,MIN,SEA,0,26,HOME,0.8524590163934427,0.870775347912525,0.8472668810289389,0.8568337484449687,0.08807848377401713,0.8634729986898538,SEA,SEA,0.8398216018659316
2025_13_BUF_PIT,13,BUF,PIT,26,7,AWAY,0.39076376554174075,0.390291151501339,0.39076376554174075,0.3906062275282735,0.2067346243587711,0.4125392978011051,BUF,BUF,0.44363421457500823
2025_13_LV_LAC,13,LV,LAC,14,31,HOME,0.8088235294117646,0.8284518828451883,0.8284518828451883,0.8219090983673804,-0.015902956087362266,0.8266210692302368,LAC,LAC,0.7656636380559216
2025_13_DEN_WAS,13,DEN,WAS,27,26,AWAY,0.28169014084507044,0.2825464949928469,0.27792074112197634,0.2807191256532979,-0.15198994506597507,0.23821912565329786,DEN,DEN,0.22074303440596973
2025_13_NYG_NE,13,NYG,NE,15,33,HOME,0.747191011235955,0.7905405405405406,0.7640449438202247,0.7672588318655734,0.06605089501379867,0.7982394005279153,NE,NE,0.7973886992625614
2025_14_DAL_DET,14,DAL,DET,30,44,HOME,0.6255648805681084,0.6247507085126481,0.6309403437815976,0.627085310954118,-0.17342632515944376,0.6051633293709427,DET,DET,0.8372429476567148
2025_14_CHI_GB,14,CHI,GB,21,28,HOME,0.7183098591549295,0.732678320786015,0.7220792588780237,0.7243558129396561,-0.014420770680505554,0.7460363780512843,GB,GB,0.694508575867538
2025_14_IND_JAX,14,IND,JAX,19,36,HOME,0.43439716312056736,0.4328697133125177,0.448558885283451,0.4386085872388454,0.32216001130166105,0.48110858723884536,IND,IND,0.36905378590557253
2025_14_MIA_NYJ,14,MIA,NYJ,34,10,AWAY,0.43439716312056736,0.4257656915258893,0.42794036443953615,0.429367739695331,-0.1217335380673964,0.386867739695331,MIA,MIA,0.49662841531918156
2025_14_NO_TB,14,NO,TB,24,20,AWAY,0.7663551401869159,0.7685185185185185,0.776910679446942,0.7705947793841256,-0.21886438274576692,0.7491817668185117,TB,TB,0.8136365475512516
2025_14_TEN_CLE,14,TEN,CLE,31,29,AWAY,0.6385542168674698,0.6411483253588516,0.644729178800233,0.6414772403421848,0.005755144139381219,0.6650573871058433,CLE,CLE,0.7257170153795666
2025_14_PIT_BAL,14,PIT,BAL,27,22,AWAY,0.7044334975369458,0.6900916630292449,0.705033164260632,0.6998527749422743,0.1292790602888261,0.7423527749422743,BAL,BAL,0.5771848113499464
2025_14_SEA_ATL,14,SEA,ATL,37,9,AWAY,0.2528089887640449,0.2630773936983787,0.2522172949002217,0.25603455912088174,-0.1493240063600721,0.21353455912088173,SEA,SEA,0.30977057699027644
2025_14_WAS_MIN,14,WAS,MIN,0,31,HOME,0.5,0.5,0.5108342361863488,0.5036114120621162,-0.02932210054746901,0.49066831642200665,WAS,MIN,0.5671107442568397
2025_14_DEN_LV,14,DEN,LV,24,17,AWAY,0.2083938425791461,0.20920346062052503,0.208700117370892,0.2087658068568544,0.16120460120004124,0.21304872239828238,DEN,DEN,0.1814466147575107
2025_14_CIN_BUF,14,CIN,BUF,34,39,HOME,0.7095435684647302,0.7135512302607419,0.7095435684647302,0.7108794557300674,-0.07556212829546255,0.7204281996838685,BUF,BUF,0.8778628888809537
2025_14_LA_ARI,14,LA,ARI,45,17,AWAY,0.20168067226890757,0.18817594015483194,0.2042241228835748,0.19802691176910478,-0.029024023223892442,0.1738069874104986,LA,LA,0.10897749433084274
2025_14_HOU_KC,14,HOU,KC,20,10,AWAY,0.6636481241914618,0.6674727932285369,0.6636481241914618,0.6649230138704868,-0.09155717744762996,0.6684102378337543,KC,KC,0.5074404431832186
2025_14_PHI_LAC,14,PHI,LAC,19,22,HOME,0.4891657638136511,0.48017621145374445,0.4782608695652174,0.48253428161087103,-0.026464147732013152,0.4652280353465295,PHI,PHI,0.47234046836394294
2025_15_ATL_TB,15,ATL,TB,29,28,AWAY,0.7183098591549295,0.7001620745542949,0.7095435684647302,0.7093385007246514,-0.07136737788815035,0.7197647869063374,TB,TB,0.6117488759436116
2025_15_BUF_NE,15,BUF,NE,35,31,AWAY,0.4402054292002935,0.4493432675320685,0.43650793650793646,0.4420188777467661,-0.015970933541316,0.41821073844978535,BUF,BUF,0.47434649894786834
2025_15_CLE_CHI,15,CLE,CHI,3,31,HOME,0.7663551401869159,0.7685185185185185,0.7571884984025559,0.7640207190359968,-0.11109109997040428,0.7638884867661294,CHI,CHI,0.7726118190913999
2025_15_ARI_HOU,15,ARI,HOU,20,40,HOME,0.8181463414634147,0.8249655690497059,0.827123695976155,0.8234118688297585,0.0889396553266007,0.8427579284343264,HOU,HOU,0.852914083275326
2025_15_NYJ_JAX,15,NYJ,JAX,20,48,HOME,0.8720930232558138,0.8735632183908045,0.8762045363038519,0.8739535926501567,0.16014722672904674,0.8813209800212257,JAX,JAX,0.8983471023119205
2025_15_LV_PHI,15,LV,PHI,0,31,HOME,0.8524590163934427,0.8646949892539977,0.8677395021372893,0.8616311692615767,0.019600765203527083,0.8577571039834868,PHI,PHI,0.8195950006268672
2025_15_BAL_CIN,15,BAL,CIN,24,0,AWAY,0.40090771558245086,0.3779812606473595,0.4066302458405761,0.3951730740234622,0.1973688152338864,0.4156832037255137,BAL,BAL,0.26379068579080434
2025_15_LAC_KC,15,LAC,KC,16,13,AWAY,0.7044334975369458,0.717453505007153,0.6957699520733487,0.7058856515391492,-0.28708331246845953,0.6683459588102199,KC,KC,0.6710351066337733
2025_15_WAS_NYG,15,WAS,NYG,29,21,AWAY,0.5656028368794326,0.5823742190069057,0.5829926410466066,0.5769898989776483,0.07210542915321491,0.6068476650523388,NYG,NYG,0.5355043073524065
2025_15_CAR_NO,15,CAR,NO,17,20,HOME,0.43439716312056736,0.42928940388105546,0.42794036443953615,0.4305423104803863,0.09552611972532221,0.4327148867953627,CAR,CAR,0.4276033994657129
2025_15_IND_SEA,15,IND,SEA,16,18,HOME,0.8720930232558138,0.8499291955928573,0.8677395021372893,0.8632539069953201,0.29149584728544686,0.8898244965513126,SEA,SEA,0.6487027183041374
2025_15_DET_LA,15,DET,LA,34,41,HOME,0.6818181818181818,0.6946564885496184,0.6750312469954812,0.6838353057877605,0.12858350257474083,0.7263353057877605,LA,LA,0.7602331925658283
2025_15_GB_DEN,15,GB,DEN,26,34,HOME,0.4782608695652174,0.48017621145374445,0.4739134147382802,0.47745016525241396,-0.1820737056757148,0.434950165252414,GB,GB,0.4834592535019501
2025_15_TEN_SF,15,TEN,SF,24,37,HOME,0.8630268199233717,0.8700721272601522,0.8677395021372893,0.8669461497736043,0.20806392767125867,0.8828981469367093,SF,SF,0.8359546716797401
2025_15_MIN_DAL,15,MIN,DAL,34,26,AWAY,0.6818181818181818,0.6734574519933717,0.6957699520733487,0.683681861961634,-0.19944601563403475,0.6641181666177943,DAL,DAL,0.46180908924716535
2025_15_MIA_PIT,15,MIA,PIT,15,28,HOME,0.6385542168674698,0.6183206106870229,0.6224665518611737,0.6264471264718888,-0.36248764235501285,0.5839471264718888,PIT,PIT,0.6778512304391682
2025_16_LA_SEA,16,LA,SEA,37,38,HOME,0.5324675324675325,0.5369611539091952,0.5260865852617197,0.5318384238794825,0.4550678435537943,0.5743384238794825,SEA,SEA,0.393591257704693
2025_16_GB_CHI,16,GB,CHI,16,22,HOME,0.5217391304347826,0.515396797466127,0.5173641257162701,0.5181666845390599,0.17117897758676412,0.5606666845390599,CHI,CHI,0.45018003394840095
2025_16_PHI_WAS,16,PHI,WAS,29,18,AWAY,0.2528089887640449,0.24050632911392406,0.24000000000000005,0.24443843929265632,-0.153656325286881,0.2019384392926563,PHI,PHI,0.24737332438812282
2025_16_BUF_CLE,16,BUF,CLE,23,20,AWAY,0.1741741741741742,0.17172390796932313,0.17769981696156192,0.17453263303501976,-0.11088392261379405,0.14661283624302382,BUF,BUF,0.20663921628072235
2025_16_KC_TEN,16,KC,TEN,9,26,HOME,0.39823008849557523,0.39324543141337037,0.3775334481388264,0.389669656015924,0.11048254159408503,0.387292142081202,KC,KC,0.16245580243863034
2025_16_MIN_NYG,16,MIN,NYG,16,13,AWAY,0.4255319148936171,0.4328697133125177,0.42794036443953615,0.42878066421522365,-0.06861544036126592,0.3891097679054401,MIN,MIN,0.39330448350498215
2025_16_NE_BAL,16,NE,BAL,28,24,AWAY,0.6255648805681084,0.6464178066311151,0.644729178800233,0.6389039553331521,0.1216045335451278,0.6814039553331521,BAL,BAL,0.5296438991676293
2025_16_NYJ_NO,16,NYJ,NO,6,29,HOME,0.7095435684647302,0.732678320786015,0.7179705215419501,0.7200641369308984,0.16357586049202533,0.7625641369308984,NO,NO,0.6968541302101279
2025_16_LAC_DAL,16,LAC,DAL,34,17,AWAY,0.5217391304347826,0.5266781411359724,0.5173641257162701,0.5219271324290083,-0.26789385377217545,0.47942713242900836,LAC,DAL,0.3607214293801551
2025_16_TB_CAR,16,TB,CAR,20,23,HOME,0.4170073589533933,0.4110112789141655,0.4170073589533933,0.415008665606984,0.02427277943698422,0.3958970067729431,TB,TB,0.4201722409850714
2025_16_ATL_ARI,16,ATL,ARI,26,19,AWAY,0.4255319148936171,0.4142931123770068,0.43650793650793646,0.4254443212595201,-0.12016197880944815,0.3829443212595201,ATL,ATL,0.3679468851727368
2025_16_JAX_DEN,16,JAX,DEN,34,20,AWAY,0.6224665518611737,0.6126207051426006,0.6092362344582594,0.6147744971540112,-0.2597141593542993,0.5722744971540112,DEN,DEN,0.575099993934497
2025_16_PIT_DET,16,PIT,DET,29,24,AWAY,0.7663551401869159,0.7685185185185185,0.776910679446942,0.7705947793841256,-0.1555905715906846,0.761398724529921,DET,DET,0.7201567123020906
2025_16_LV_HOU,16,LV,HOU,21,23,HOME,0.8936530324400563,0.8944351077838648,0.8988540272290966,0.895647389151006,0.12188948612138722,0.8882575907351283,HOU,HOU,0.9115109848632521
2025_16_CIN_MIA,16,CIN,MIA,45,21,AWAY,0.3614457831325302,0.36135228209729836,0.35527082119976705,0.35935629547653186,0.0577089220295858,0.33965904390324286,CIN,CIN,0.760494414722544
2025_16_SF_IND,16,SF,IND,48,27,AWAY,0.337909186906019,0.3386960203217612,0.33635187580853815,0.3376523610121061,-0.07883653299896864,0.2951523610121061,SF,SF,0.7490711715598557
2025_17_DAL_WAS,17,DAL,WAS,30,23,AWAY,0.19999999999999998,0.2044550797058099,0.19999999999999998,0.20148502656860331,0.11369054490708488,0.1990011414656677,DAL,DAL,0.5289980455708979
2025_17_DET_MIN,17,DET,MIN,10,23,HOME,0.2528089887640449,0.24678111587982832,0.2491874322860238,0.24959251230996568,0.2774312075375531,0.2725179696669517,DET,DET,0.2993700904710082
2025_17_DEN_KC,17,DEN,KC,20,13,AWAY,0.12790697674418605,0.11301147434509634,0.11301147434509634,0.11797664181145957,0.10192832646984801,0.13934695371229186,DEN,DEN,0.4275798642488911
2025_17_ARI_CIN,17,ARI,CIN,14,37,HOME,0.747191011235955,0.7532188841201718,0.7440690150970525,0.7481596368177265,0.1992479926780373,0.7906596368177264,CIN,CIN,0.426481244823191
2025_17_HOU_LAC,17,HOU,LAC,20,16,AWAY,0.5217391304347826,0.515396797466127,0.5173641257162701,0.5181666845390599,0.0656087392198522,0.5335353268819159,LAC,LAC,0.41352311871804875
2025_17_JAX_IND,17,JAX,IND,23,17,AWAY,0.35347776510832385,0.34351145038167935,0.33099297893681046,0.34266073147560455,-0.18065594971527638,0.30016073147560457,JAX,JAX,0.5136372487241329
2025_17_NO_TEN,17,NO,TEN,34,26,AWAY,0.4826358742837298,0.4846032025338729,0.5,0.4890796922725342,0.026720470868336343,0.487216101416895,NO,NO,0.43329359266541084
2025_17_NE_NYJ,17,NE,NYJ,42,10,AWAY,0.13697318007662834,0.12992787273984785,0.13226049786271057,0.1330538502263956,0.14465227076060308,0.1543349207891635,NE,NE,0.1327480168903493
2025_17_NYG_LV,17,NYG,LV,34,10,AWAY,0.4088050314465409,0.4066302458405761,0.4003612281757977,0.4052655018209716,-0.1944003666422462,0.3627655018209716,NYG,NYG,0.5204946482962282
2025_17_PIT_CLE,17,PIT,CLE,6,13,HOME,0.3418803418803419,0.3588516746411483,0.3630958183058778,0.3546092782757893,-0.091133793112248,0.3121092782757893,PIT,PIT,0.2803303213759561
2025_17_BAL_GB,17,BAL,GB,41,24,AWAY,0.5427435387673957,0.5427435387673957,0.5634920634920635,0.5496597136756183,-0.07688716747170758,0.535515122203303,GB,GB,0.7202114591667984
2025_17_SEA_CAR,17,SEA,CAR,27,10,AWAY,0.26645768025078376,0.2673216792139849,0.27792074112197634,0.27056670019558166,0.016685152269095047,0.24051388872159712,SEA,SEA,0.1825336086696409
2025_17_TB_MIA,17,TB,MIA,17,20,HOME,0.3181818181818181,0.299837925445705,0.30423004792665137,0.30741659718472486,0.11720532648660197,0.29706380470339594,TB,TB,0.35774377143238834
2025_17_PHI_BUF,17,PHI,BUF,13,12,AWAY,0.6092362344582594,0.6183206106870229,0.6037569709421778,0.61043793869582,-0.2695135628721114,0.56793793869582,BUF,BUF,0.5461219424419772
2025_17_CHI_SF,17,CHI,SF,38,42,HOME,0.662090813093981,0.6613039796782388,0.6636481241914618,0.6623476389878938,-0.08872678113073346,0.6662193721124712,SF,SF,0.4293182820557312
2025_17_LA_ATL,17,LA,ATL,24,27,HOME,0.2528089887640449,0.243334196220554,0.2428115015974441,0.246318228860681,0.0566390084786063,0.22637735648439444,LA,LA,0.13017895897090376
2025_18_CAR_TB,18,CAR,TB,14,16,HOME,0.5911949685534592,0.6027039848197344,0.5829926410466066,0.5922971981399334,-0.14688682643401013,0.5699150579253105,TB,TB,0.632523963031005
2025_18_CLE_CIN,18,CLE,CIN,20,18,AWAY,0.7916061574208539,0.79554492029419,0.7819779156927542,0.789709664469266,0.16283001607698422,0.8303701924429965,CIN,CIN,0.5518750984889006
2025_18_IND_HOU,18,IND,HOU,30,38,HOME,0.808780200353565,0.8118240598451679,0.8081570996978852,0.8095871199655393,0.05927398228721795,0.8290696724754589,HOU,HOU,0.6562715366083344
2025_18_ARI_LA,18,ARI,LA,20,37,HOME,0.8799919927935143,0.9009026382417527,0.8933872152828803,0.891427282106049,-0.03222487708883029,0.8688724438202187,LA,LA,0.9487772387067877
2025_18_DAL_NYG,18,DAL,NYG,17,34,HOME,0.40090771558245086,0.4034723071280108,0.4003612281757977,0.40158041696208646,0.3042313718728737,0.44408041696208644,DAL,DAL,0.5544256008288351
2025_18_DET_CHI,18,DET,CHI,19,16,AWAY,0.6017699115044248,0.6126207051426006,0.6037569709421778,0.6060491958630677,0.08809557535116086,0.6446279068748951,CHI,CHI,0.5547710831226995
2025_18_GB_MIN,18,GB,MIN,3,16,HOME,0.8524590163934427,0.8399759663528941,0.8465417867435158,0.8463255898299509,0.331285533628613,0.8855648168208481,MIN,MIN,0.3338250538760384
2025_18_KC_LV,18,KC,LV,12,14,HOME,0.35347776510832385,0.38450899031811897,0.34252477380439467,0.3601705097436125,-0.020575487934756248,0.3224461827622463,KC,KC,0.20417807140051436
2025_18_MIA_NE,18,MIA,NE,10,38,HOME,0.8765984819246109,0.8944351077838648,0.8933872152828803,0.888140268330452,0.05154683154681078,0.876768989289622,NE,NE,0.8286885435732679
2025_18_NO_ATL,18,NO,ATL,17,19,HOME,0.6385542168674698,0.6659815005138747,0.6369041816941223,0.6471466330251556,-0.07893516389910415,0.6515051732266698,ATL,ATL,0.7086498781391357
2025_18_NYJ_BUF,18,NYJ,BUF,8,35,HOME,0.8524590163934427,0.8475740661227995,0.8524590163934427,0.8508306996365617,0.1149102511010386,0.8632533838553792,BUF,BUF,0.9335382255200181
2025_18_TEN_JAX,18,TEN,JAX,7,41,HOME,0.8524590163934427,0.8565637667602121,0.8524590163934427,0.8538272665156992,-0.008607843459555613,0.8492136588179433,JAX,JAX,0.9168678618045332
2025_18_BAL_PIT,18,BAL,PIT,24,26,HOME,0.3295622233152976,0.32654254800662835,0.34252477380439467,0.33287651504210686,0.055154797895476365,0.3101631912280831,BAL,BAL,0.5558348716940243
2025_18_LAC_DEN,18,LAC,DEN,3,19,HOME,0.8993646911444506,0.9039129691860796,0.9082249254558409,0.9038341952621236,-0.047897800513620484,0.8739603905547123,DEN,DEN,0.6671935212332407
2025_18_SEA_SF,18,SEA,SF,13,3,AWAY,0.4255319148936171,0.4066302458405761,0.4170073589533933,0.41638983989586215,-0.11691045376627587,0.37388983989586216,SEA,SEA,0.27535731828215165
2025_18_WAS_PHI,18,WAS,PHI,24,17,AWAY,0.6187290969899665,0.6134299307958478,0.6164383561643836,0.6161991279833993,0.14427333393600705,0.6586991279833992,PHI,PHI,0.8359537397659781
